-- phpMyAdmin SQL Dump
-- version 4.0.4
-- http://www.phpmyadmin.net
--
-- Host: localhost
-- Generation Time: May 05, 2014 at 04:32 PM
-- Server version: 5.6.12-log
-- PHP Version: 5.4.12

SET SQL_MODE = "NO_AUTO_VALUE_ON_ZERO";
SET time_zone = "+00:00";


/*!40101 SET @OLD_CHARACTER_SET_CLIENT=@@CHARACTER_SET_CLIENT */;
/*!40101 SET @OLD_CHARACTER_SET_RESULTS=@@CHARACTER_SET_RESULTS */;
/*!40101 SET @OLD_COLLATION_CONNECTION=@@COLLATION_CONNECTION */;
/*!40101 SET NAMES utf8 */;

--
-- Database: `tollbooth`
--
CREATE DATABASE IF NOT EXISTS `tollbooth` DEFAULT CHARACTER SET latin1 COLLATE latin1_swedish_ci;
USE `tollbooth`;

-- --------------------------------------------------------

--
-- Table structure for table `pass_type`
--

CREATE TABLE IF NOT EXISTS `pass_type` (
  `pass_id` int(11) NOT NULL,
  `pass_type` varchar(30) NOT NULL,
  PRIMARY KEY (`pass_id`)
) ENGINE=InnoDB DEFAULT CHARSET=latin1;

--
-- Dumping data for table `pass_type`
--

INSERT INTO `pass_type` (`pass_id`, `pass_type`) VALUES
(1, 'one way'),
(2, 'two way');

-- --------------------------------------------------------

--
-- Table structure for table `ticket`
--

CREATE TABLE IF NOT EXISTS `ticket` (
  `barcode` varchar(60) NOT NULL,
  `from_toll_plaza_id` int(11) NOT NULL,
  `to_toll_plaza_id` int(11) NOT NULL,
  `pass_type` int(11) NOT NULL,
  `vehicle_no` varchar(10) NOT NULL,
  `vehicle_type_id` int(11) NOT NULL,
  `fare_collected` bigint(20) NOT NULL,
  `registration_time` datetime NOT NULL DEFAULT CURRENT_TIMESTAMP,
  PRIMARY KEY (`barcode`),
  KEY `from_toll_plaza_id` (`from_toll_plaza_id`),
  KEY `to_toll_plaza_id` (`to_toll_plaza_id`),
  KEY `vehicle_type_id` (`vehicle_type_id`),
  KEY `pass_type` (`pass_type`)
) ENGINE=InnoDB DEFAULT CHARSET=latin1;

--
-- Dumping data for table `ticket`
--

INSERT INTO `ticket` (`barcode`, `from_toll_plaza_id`, `to_toll_plaza_id`, `pass_type`, `vehicle_no`, `vehicle_type_id`, `fare_collected`, `registration_time`) VALUES
('   AD3185173904735', 1, 0, 2, '   AD', 1, 0, '2014-05-05 07:33:41'),
('10053713077452', 0, 0, 1, '', 0, 0, '2014-03-19 22:04:12'),
('10217435079114', 0, 0, 1, '', 0, 0, '2014-03-19 22:06:56'),
('10380697275042', 0, 0, 1, '', 0, 0, '2014-03-19 22:09:39'),
('10420014673751', 0, 0, 1, '', 0, 0, '2014-03-19 22:10:18'),
('10452767985616', 0, 0, 1, '', 0, 0, '2014-03-19 22:10:51'),
('10621556102024', 0, 0, 1, '', 0, 0, '2014-03-19 22:13:40'),
('10634193110339', 0, 0, 1, '', 0, 0, '2014-05-04 20:15:49'),
('10638548243323', 0, 0, 1, '', 0, 0, '2014-05-04 20:15:54'),
('10651841271858', 0, 0, 1, '', 0, 0, '2014-05-04 20:16:07'),
('10656760191862', 1, 0, 1, '', 0, 300, '2014-05-04 20:16:12'),
('10679990998211', 0, 0, 1, '', 0, 0, '2014-03-19 22:14:38'),
('10694501123525', 0, 0, 1, '', 0, 0, '2014-03-19 22:14:53'),
('10784689977028', 1, 0, 1, '', 0, 300, '2014-05-04 20:18:20'),
('10892708584556', 0, 0, 1, '', 0, 0, '2014-03-19 22:18:11'),
('10979722378988', 0, 0, 1, '', 0, 0, '2014-03-19 22:19:38'),
('10985424262539', 0, 0, 1, '', 0, 0, '2014-03-19 22:19:44'),
('1109248712112', 0, 0, 1, '', 0, 0, '2014-05-04 17:37:04'),
('11143386296444', 0, 0, 1, '', 0, 0, '2014-05-04 20:24:19'),
('1130836223545', 0, 0, 1, '', 0, 0, '2014-03-19 06:36:13'),
('11579598938055', 0, 0, 1, '', 0, 0, '2014-05-04 20:31:35'),
('11584144524102', 0, 0, 1, '', 0, 0, '2014-05-04 20:31:39'),
('11590135206880', 0, 0, 1, '', 0, 0, '2014-05-04 20:31:45'),
('11597182643330', 0, 0, 1, '', 0, 0, '2014-05-04 20:31:52'),
('1165161764253', 0, 0, 1, '', 0, 0, '2014-05-04 17:38:00'),
('11794219866638', 0, 0, 1, '', 0, 0, '2014-05-04 20:35:09'),
('11803550135686', 0, 0, 1, '', 0, 0, '2014-05-04 20:35:19'),
('11812437239909', 0, 0, 1, '', 0, 0, '2014-05-04 20:35:28'),
('12044265513660', 0, 0, 1, '', 0, 0, '2014-05-04 20:39:19'),
('12058731112144', 0, 0, 2, '', 0, 0, '2014-05-04 20:39:34'),
('12062505809604', 0, 0, 2, '', 0, 0, '2014-05-04 20:39:38'),
('12112428916109', 0, 0, 2, '', 0, 0, '2014-05-04 20:40:28'),
('12137054117828', 0, 0, 2, '', 0, 0, '2014-05-04 20:40:52'),
('122839360220479', 1, 0, 1, '12', 0, 300, '2014-05-05 07:27:56'),
('122890209580760', 1, 0, 1, '12', 0, 300, '2014-05-05 07:28:46'),
('1248183561207', 1, 1, 2, '', 0, 0, '2014-03-19 19:37:26'),
('12668418624784', 0, 0, 2, '', 0, 0, '2014-05-04 20:49:44'),
('12748833910993', 0, 0, 1, '', 0, 0, '2014-05-04 20:51:04'),
('12753206151914', 0, 0, 1, '', 0, 0, '2014-05-04 20:51:08'),
('12766328171722', 0, 0, 1, '', 0, 0, '2014-05-04 20:51:22'),
('12770520927677', 0, 0, 1, '', 0, 0, '2014-05-04 20:51:26'),
('1297984556219', 0, 0, 1, '', 0, 0, '2014-05-04 17:40:13'),
('12C126341725896571', 0, 1, 2, '12C12', 1, 0, '2014-03-19 21:02:20'),
('12vd784412333148594', 0, 0, 1, '12vd78', 0, 0, '2014-03-19 20:30:11'),
('12vd784415999333491', 0, 0, 1, '12vd78', 0, 0, '2014-03-19 20:30:14'),
('1335517141744', 0, 0, 1, '', 0, 0, '2014-05-04 17:40:51'),
('14131986703352', 0, 0, 1, '', 0, 0, '2014-05-04 21:14:07'),
('14228029590767', 0, 0, 1, '', 0, 0, '2014-05-04 21:15:43'),
('14302467745616', 0, 0, 1, '', 0, 0, '2014-05-04 21:16:58'),
('15418230131701', 0, 0, 1, '', 0, 0, '2014-05-04 21:35:33'),
('15427177937025', 0, 0, 1, '', 0, 0, '2014-05-04 21:35:42'),
('15495828917921', 0, 0, 1, '', 0, 0, '2014-05-04 21:36:51'),
('15564573384066', 0, 0, 1, '', 0, 0, '2014-05-04 21:38:00'),
('1599482317623', 0, 0, 1, '', 0, 0, '2014-05-04 17:45:15'),
('17468940155047', 0, 0, 1, '', 0, 0, '2014-03-17 23:14:47'),
('17522667541356', 0, 0, 1, '', 0, 0, '2014-03-17 23:15:41'),
('1932442412821', 0, 0, 1, '', 0, 0, '2014-03-19 19:48:51'),
('20287261013316', 1, 0, 1, '', 0, 300, '2014-05-05 12:18:43'),
('20539843263900', 1, 0, 1, '', 0, 300, '2014-05-05 12:22:56'),
('2062537709347', 0, 0, 1, '', 0, 0, '2014-03-19 19:51:01'),
('20839763946649', 1, 0, 1, '', 0, 300, '2014-05-05 12:27:56'),
('20910920751271', 1, 0, 1, '', 0, 300, '2014-05-05 12:29:07'),
('21305511834906', 0, 1, 1, '', 0, 200, '2014-05-05 12:35:42'),
('2297239403704', 1, 0, 1, '', 0, 300, '2014-05-05 07:18:53'),
('2359603097389', 0, 0, 1, '', 0, 0, '2014-05-04 17:57:55'),
('2568045158076', 1, 0, 1, '', 0, 300, '2014-05-05 07:23:24'),
('2743657598881', 0, 0, 1, '', 0, 0, '2014-05-04 18:04:19'),
('2893933650487', 0, 0, 1, '', 0, 0, '2014-05-04 18:06:49'),
('3073082238283', 1, 0, 1, '', 0, 300, '2014-04-03 20:03:52'),
('3354172907939', 1, 1, 1, '', 0, 0, '2014-03-19 20:12:32'),
('3558734102051', 0, 0, 1, '', 0, 0, '2014-03-19 20:15:57'),
('3713892423843', 0, 0, 1, '', 0, 0, '2014-04-03 20:14:33'),
('3734865360095', 1, 0, 1, '', 0, 300, '2014-05-05 18:00:48'),
('3743928299150', 1, 0, 1, '', 0, 300, '2014-05-05 18:00:57'),
('3755723330453', 0, 0, 1, '', 0, 0, '2014-03-19 20:19:14'),
('3889675209007', 1, 0, 1, '', 0, 300, '2014-05-05 18:03:23'),
('3902874769076', 1, 0, 1, '', 0, 300, '2014-05-05 18:03:36'),
('3928369603041', 1, 0, 1, '', 0, 300, '2014-05-05 18:04:02'),
('4278664253893', 0, 0, 1, '', 0, 0, '2014-03-19 20:27:57'),
('4417404176207455', 0, 0, 1, '44', 0, 0, '2014-03-17 23:13:42'),
('4418591579413', 0, 0, 1, '', 0, 0, '2014-03-19 20:30:17'),
('44431183151582', 0, 0, 1, '4', 0, 0, '2014-03-19 20:30:29'),
('4632810896327', 0, 0, 1, '', 0, 0, '2014-03-19 20:33:51'),
('4679359188006', 0, 0, 1, '', 0, 0, '2014-03-19 20:34:38'),
('4693424139078', 0, 0, 1, '', 0, 0, '2014-03-19 20:34:52'),
('4fdsf5776953350442', 0, 0, 1, '4fdsf', 0, 0, '2014-03-19 20:52:55'),
('4TB4441559493127', 0, 0, 1, '4TB', 0, 0, '2014-03-19 20:30:40'),
('4TB4525139363967', 0, 0, 1, '4TB', 0, 0, '2014-03-19 20:32:03'),
('5029725549733', 0, 0, 1, '', 0, 0, '2014-03-19 20:40:28'),
('5282766270887', 0, 0, 1, '', 0, 0, '2014-04-03 20:40:42'),
('5292769324508', 0, 0, 1, '', 0, 0, '2014-04-03 20:40:52'),
('5373130904018', 0, 0, 1, '', 0, 0, '2014-03-19 20:46:11'),
('5477557941865', 0, 0, 1, '', 0, 0, '2014-03-19 20:47:56'),
('5576871851969', 0, 0, 1, '', 0, 0, '2014-03-19 20:49:35'),
('5684614144107', 0, 0, 1, '', 0, 0, '2014-03-19 20:51:23'),
('5692662428843', 0, 0, 1, '', 0, 0, '2014-03-19 20:51:31'),
('5718726242504', 0, 0, 1, '', 0, 0, '2014-03-19 20:51:57'),
('5734117824091', 0, 0, 1, '', 0, 0, '2014-03-19 20:52:12'),
('5738630269507', 0, 0, 1, '', 0, 0, '2014-03-19 20:52:17'),
('6175564832702', 0, 0, 1, '', 0, 0, '2014-04-03 20:55:35'),
('6282885275855', 0, 0, 1, '', 0, 0, '2014-05-04 19:03:18'),
('693511148172', 0, 0, 1, '', 0, 0, '2014-05-05 06:52:10'),
('7492330755345', 0, 0, 1, '', 0, 0, '2014-05-04 19:23:28'),
('7518872670166', 0, 0, 1, '', 0, 0, '2014-05-04 19:23:54'),
('7677462172670', 0, 0, 1, '', 0, 0, '2014-05-04 19:26:33'),
('7764549786433', 0, 0, 1, '', 0, 0, '2014-05-04 19:28:00'),
('7791689464771', 0, 0, 1, '', 0, 0, '2014-05-04 19:28:27'),
('7826242733768', 0, 0, 1, '', 0, 0, '2014-05-04 19:29:01'),
('7843012502754', 0, 0, 1, '', 0, 0, '2014-05-04 19:29:18'),
('7947399287911', 0, 0, 1, '', 0, 0, '2014-05-04 19:31:03'),
('8304878289296', 0, 0, 1, '', 0, 0, '2014-05-04 19:37:00'),
('8590782621767', 0, 0, 2, '', 1, 0, '2014-03-18 22:58:12'),
('8617939382816', 0, 0, 1, '', 0, 0, '2014-05-04 19:42:13'),
('911383075293', 0, 0, 1, '', 0, 0, '2014-05-04 17:33:47'),
('9787836159051', 0, 1, 1, '', 1, 0, '2014-03-19 21:59:46'),
('9914262548501', 0, 0, 1, '', 0, 0, '2014-03-19 22:01:52'),
('9994276870283', 0, 0, 1, '', 0, 0, '2014-03-19 22:03:12'),
('a3230248100012', 1, 0, 1, 'a', 0, 300, '2014-05-05 07:34:26'),
('ad21389800175079', 0, 0, 1, 'ad', 0, 0, '2014-05-05 12:37:06'),
('as14900095920543 ', 0, 1, 1, 'as', 0, 200, '2014-03-17 22:31:58'),
('as14999102759483 ', 0, 1, 1, 'as', 0, 200, '2014-03-17 22:33:37'),
('as2038564140443', 1, 0, 1, 'as', 0, 300, '2014-05-05 07:14:35'),
('as2110916935146', 1, 0, 1, 'as', 0, 300, '2014-05-05 07:15:47'),
('as2200053451401', 1, 0, 1, 'as', 0, 300, '2014-05-05 07:17:16'),
('asda14304242784243', 1, 0, 1, 'asda', 0, 300, '2014-05-05 10:39:00'),
('csssx5136038628142', 1, 0, 1, 'csssx', 0, 300, '2014-05-05 18:24:09'),
('daf5321057173043', 1, 0, 1, 'daf', 0, 300, '2014-05-05 08:09:17'),
('df5222409084803', 1, 0, 1, 'df', 0, 300, '2014-05-05 08:07:39'),
('dsf21237323060808', 0, 0, 1, 'dsf', 0, 0, '2014-05-05 12:34:34'),
('fgbt4994794693418', 1, 0, 1, 'fgbt', 0, 300, '2014-05-05 18:21:48'),
('Q2998247518930', 1, 0, 1, 'Q', 0, 300, '2014-05-05 07:30:34'),
('S3081633239706', 1, 0, 2, 'S', 1, 0, '2014-05-05 07:31:58'),
('s4425447066607', 0, 0, 1, 's', 0, 0, '2014-03-19 20:30:24'),
('sad5023097049763', 1, 0, 1, 'sad', 0, 300, '2014-05-05 08:04:19'),
('sad5074624943967', 1, 0, 1, 'sad', 0, 300, '2014-05-05 08:05:11'),
('sad5144986092366', 1, 0, 1, 'sad', 0, 300, '2014-05-05 08:06:21'),
('sd10559786555570', 1, 0, 1, 'sd', 0, 300, '2014-05-05 19:54:33'),
('sf5455007465923', 1, 0, 1, 'sf', 0, 300, '2014-05-05 08:11:31'),
('TN 5368346491245', 1, 0, 1, 'TN ', 0, 300, '2014-05-05 08:10:05'),
('TN4688903973265312461', 1, 0, 1, 'TN468890', 0, 300, '2014-05-05 18:04:46'),
('w4130126549448', 1, 0, 1, 'w', 0, 300, '2014-05-05 18:07:23');

-- --------------------------------------------------------

--
-- Table structure for table `tollbooth`
--

CREATE TABLE IF NOT EXISTS `tollbooth` (
  `tollbooth_id` int(11) NOT NULL,
  `toll_plaza_id` int(11) NOT NULL,
  `user_id` varchar(30) NOT NULL,
  KEY `toll_plaza_id` (`toll_plaza_id`),
  KEY `user_id` (`user_id`)
) ENGINE=InnoDB DEFAULT CHARSET=latin1;

--
-- Dumping data for table `tollbooth`
--

INSERT INTO `tollbooth` (`tollbooth_id`, `toll_plaza_id`, `user_id`) VALUES
(1, 1, 'user');

-- --------------------------------------------------------

--
-- Table structure for table `toll_charge`
--

CREATE TABLE IF NOT EXISTS `toll_charge` (
  `from_toll_plaza_id` int(11) NOT NULL,
  `to_toll_plaza_id` int(11) NOT NULL,
  `pass_id` int(11) NOT NULL,
  `fare` int(11) NOT NULL,
  `effect_from` date NOT NULL,
  `vehicle_type_id` int(20) NOT NULL,
  KEY `from_toll_plaza_id` (`from_toll_plaza_id`),
  KEY `to_toll_plaza_id` (`to_toll_plaza_id`),
  KEY `vehicle_type` (`vehicle_type_id`),
  KEY `pass_id` (`pass_id`)
) ENGINE=InnoDB DEFAULT CHARSET=latin1;

--
-- Dumping data for table `toll_charge`
--

INSERT INTO `toll_charge` (`from_toll_plaza_id`, `to_toll_plaza_id`, `pass_id`, `fare`, `effect_from`, `vehicle_type_id`) VALUES
(0, 1, 1, 200, '2014-03-15', 0),
(1, 0, 1, 300, '2014-03-14', 0);

-- --------------------------------------------------------

--
-- Table structure for table `toll_plaza`
--

CREATE TABLE IF NOT EXISTS `toll_plaza` (
  `toll_plaza_id` int(11) NOT NULL,
  `toll_plaza_name` varchar(20) NOT NULL,
  `toll_plaza_description` varchar(50) NOT NULL,
  PRIMARY KEY (`toll_plaza_id`),
  UNIQUE KEY `toll_plaza_name` (`toll_plaza_name`)
) ENGINE=InnoDB DEFAULT CHARSET=latin1;

--
-- Dumping data for table `toll_plaza`
--

INSERT INTO `toll_plaza` (`toll_plaza_id`, `toll_plaza_name`, `toll_plaza_description`) VALUES
(0, 'toll plaza 1', 'toll plaza desc'),
(1, 'toll plaza 2', 'toll plaza desc');

-- --------------------------------------------------------

--
-- Table structure for table `user_detail`
--

CREATE TABLE IF NOT EXISTS `user_detail` (
  `user_id` varchar(30) NOT NULL,
  `password` varchar(30) NOT NULL,
  `user_type` tinyint(4) NOT NULL,
  PRIMARY KEY (`user_id`)
) ENGINE=InnoDB DEFAULT CHARSET=latin1;

--
-- Dumping data for table `user_detail`
--

INSERT INTO `user_detail` (`user_id`, `password`, `user_type`) VALUES
('admin', 'admin', 1),
('user', 'user', 2);

-- --------------------------------------------------------

--
-- Table structure for table `vehicle_tracking`
--

CREATE TABLE IF NOT EXISTS `vehicle_tracking` (
  `barcode` varchar(60) NOT NULL,
  `toll_plaza_id` int(11) NOT NULL,
  `registration_time` timestamp NOT NULL DEFAULT '0000-00-00 00:00:00' ON UPDATE CURRENT_TIMESTAMP,
  KEY `barcode` (`barcode`)
) ENGINE=InnoDB DEFAULT CHARSET=latin1;

--
-- Dumping data for table `vehicle_tracking`
--

INSERT INTO `vehicle_tracking` (`barcode`, `toll_plaza_id`, `registration_time`) VALUES
('17522667541356', 0, '2014-03-17 17:45:41'),
('8590782621767', 0, '2014-03-18 17:28:12'),
('1130836223545', 0, '2014-03-19 01:06:13'),
('1248183561207', 1, '2014-03-19 14:07:26'),
('1932442412821', 0, '2014-03-19 14:18:51'),
('2062537709347', 0, '2014-03-19 14:21:01'),
('3354172907939', 1, '2014-03-19 14:42:32'),
('3558734102051', 0, '2014-03-19 14:45:57'),
('3755723330453', 0, '2014-03-19 14:49:14'),
('4278664253893', 0, '2014-03-19 14:57:57'),
('4418591579413', 0, '2014-03-19 15:00:17'),
('44431183151582', 0, '2014-03-19 15:00:29'),
('4TB4525139363967', 0, '2014-03-19 15:02:03'),
('4632810896327', 0, '2014-03-19 15:03:51'),
('4679359188006', 0, '2014-03-19 15:04:38'),
('4693424139078', 0, '2014-03-19 15:04:52'),
('5029725549733', 0, '2014-03-19 15:10:28'),
('5373130904018', 0, '2014-03-19 15:16:11'),
('5477557941865', 0, '2014-03-19 15:17:56'),
('5576871851969', 0, '2014-03-19 15:19:35'),
('5684614144107', 0, '2014-03-19 15:21:23'),
('5692662428843', 0, '2014-03-19 15:21:31'),
('5718726242504', 0, '2014-03-19 15:21:57'),
('5734117824091', 0, '2014-03-19 15:22:12'),
('5738630269507', 0, '2014-03-19 15:22:17'),
('4fdsf5776953350442', 0, '2014-03-19 15:22:55'),
('12C126341725896571', 0, '2014-03-19 15:32:20'),
('9787836159051', 0, '2014-03-19 16:29:46'),
('9914262548501', 0, '2014-03-19 16:31:52'),
('9994276870283', 0, '2014-03-19 16:33:12'),
('10053713077452', 0, '2014-03-19 16:34:12'),
('10217435079114', 0, '2014-03-19 16:36:56'),
('10380697275042', 0, '2014-03-19 16:39:39'),
('10420014673751', 0, '2014-03-19 16:40:18'),
('10452767985616', 0, '2014-03-19 16:40:51'),
('10621556102024', 0, '2014-03-19 16:43:40'),
('10679990998211', 0, '2014-03-19 16:44:38'),
('10694501123525', 0, '2014-03-19 16:44:53'),
('10892708584556', 0, '2014-03-19 16:48:11'),
('10979722378988', 0, '2014-03-19 16:49:38'),
('10985424262539', 0, '2014-03-19 16:49:44'),
('3073082238283', 1, '2014-04-03 14:33:52'),
('3713892423843', 0, '2014-04-03 14:44:33'),
('5282766270887', 0, '2014-04-03 15:10:42'),
('5292769324508', 0, '2014-04-03 15:10:52'),
('6175564832702', 0, '2014-04-03 15:25:35'),
('911383075293', 0, '2014-05-04 12:03:47'),
('1109248712112', 0, '2014-05-04 12:07:04'),
('1165161764253', 0, '2014-05-04 12:08:00'),
('1297984556219', 0, '2014-05-04 12:10:13'),
('1335517141744', 0, '2014-05-04 12:10:51'),
('1599482317623', 0, '2014-05-04 12:15:15'),
('2359603097389', 0, '2014-05-04 12:27:55'),
('2743657598881', 0, '2014-05-04 12:34:19'),
('2893933650487', 0, '2014-05-04 12:36:49'),
('6282885275855', 0, '2014-05-04 13:33:18'),
('7492330755345', 0, '2014-05-04 13:53:28'),
('7518872670166', 0, '2014-05-04 13:53:54'),
('7677462172670', 0, '2014-05-04 13:56:33'),
('7764549786433', 0, '2014-05-04 13:58:00'),
('7791689464771', 0, '2014-05-04 13:58:27'),
('7826242733768', 0, '2014-05-04 13:59:01'),
('7843012502754', 0, '2014-05-04 13:59:18'),
('7947399287911', 0, '2014-05-04 14:01:03'),
('8304878289296', 0, '2014-05-04 14:07:00'),
('8617939382816', 0, '2014-05-04 14:12:13'),
('10634193110339', 0, '2014-05-04 14:45:49'),
('10638548243323', 0, '2014-05-04 14:45:54'),
('10651841271858', 0, '2014-05-04 14:46:07'),
('10656760191862', 1, '2014-05-04 14:46:12'),
('10784689977028', 1, '2014-05-04 14:48:20'),
('11143386296444', 0, '2014-05-04 14:54:19'),
('11579598938055', 0, '2014-05-04 15:01:35'),
('11584144524102', 0, '2014-05-04 15:01:39'),
('11590135206880', 0, '2014-05-04 15:01:45'),
('11597182643330', 0, '2014-05-04 15:01:52'),
('11794219866638', 0, '2014-05-04 15:05:09'),
('11803550135686', 0, '2014-05-04 15:05:19'),
('11812437239909', 0, '2014-05-04 15:05:28'),
('12044265513660', 0, '2014-05-04 15:09:19'),
('12058731112144', 0, '2014-05-04 15:09:34'),
('12062505809604', 0, '2014-05-04 15:09:38'),
('12112428916109', 0, '2014-05-04 15:10:28'),
('12137054117828', 0, '2014-05-04 15:10:52'),
('12668418624784', 0, '2014-05-04 15:19:44'),
('12748833910993', 0, '2014-05-04 15:21:04'),
('12753206151914', 0, '2014-05-04 15:21:08'),
('12766328171722', 0, '2014-05-04 15:21:22'),
('12770520927677', 0, '2014-05-04 15:21:26'),
('14131986703352', 0, '2014-05-04 15:44:07'),
('14228029590767', 0, '2014-05-04 15:45:43'),
('14302467745616', 0, '2014-05-04 15:46:58'),
('15418230131701', 0, '2014-05-04 16:05:33'),
('15427177937025', 0, '2014-05-04 16:05:42'),
('15495828917921', 0, '2014-05-04 16:06:51'),
('15564573384066', 0, '2014-05-04 16:08:00'),
('693511148172', 0, '2014-05-05 01:22:10'),
('as2038564140443', 1, '2014-05-05 01:44:35'),
('as2110916935146', 1, '2014-05-05 01:45:47'),
('as2200053451401', 1, '2014-05-05 01:47:16'),
('2297239403704', 1, '2014-05-05 01:48:53'),
('2568045158076', 1, '2014-05-05 01:53:24'),
('122839360220479', 1, '2014-05-05 01:57:56'),
('122890209580760', 1, '2014-05-05 01:58:46'),
('Q2998247518930', 1, '2014-05-05 02:00:34'),
('S3081633239706', 1, '2014-05-05 02:01:58'),
('   AD3185173904735', 1, '2014-05-05 02:03:41'),
('a3230248100012', 1, '2014-05-05 02:04:26'),
('sad5023097049763', 1, '2014-05-05 02:34:19'),
('sad5074624943967', 1, '2014-05-05 02:35:11'),
('sad5144986092366', 1, '2014-05-05 02:36:21'),
('df5222409084803', 1, '2014-05-05 02:37:39'),
('daf5321057173043', 1, '2014-05-05 02:39:17'),
('TN 5368346491245', 1, '2014-05-05 02:40:05'),
('sf5455007465923', 1, '2014-05-05 02:41:31'),
('asda14304242784243', 1, '2014-05-05 05:09:00'),
('20287261013316', 1, '2014-05-05 06:48:43'),
('20539843263900', 1, '2014-05-05 06:52:56'),
('20839763946649', 1, '2014-05-05 06:57:56'),
('20910920751271', 1, '2014-05-05 06:59:07'),
('dsf21237323060808', 0, '2014-05-05 07:04:34'),
('21305511834906', 0, '2014-05-05 07:05:42'),
('ad21389800175079', 0, '2014-05-05 07:07:06'),
('3734865360095', 1, '2014-05-05 12:30:48'),
('3743928299150', 1, '2014-05-05 12:30:57'),
('3889675209007', 1, '2014-05-05 12:33:23'),
('3902874769076', 1, '2014-05-05 12:33:36'),
('3928369603041', 1, '2014-05-05 12:34:02'),
('TN4688903973265312461', 1, '2014-05-05 12:34:46'),
('w4130126549448', 1, '2014-05-05 12:37:23'),
('fgbt4994794693418', 1, '2014-05-05 12:51:48'),
('csssx5136038628142', 1, '2014-05-05 12:54:09'),
('sd10559786555570', 1, '2014-05-05 14:24:33');

-- --------------------------------------------------------

--
-- Table structure for table `vehicle_type`
--

CREATE TABLE IF NOT EXISTS `vehicle_type` (
  `vehicle_type_id` int(11) NOT NULL,
  `vehicle_type` varchar(20) NOT NULL,
  `vehicle_description` varchar(50) NOT NULL,
  PRIMARY KEY (`vehicle_type_id`),
  UNIQUE KEY `vehicle_type` (`vehicle_type`)
) ENGINE=InnoDB DEFAULT CHARSET=latin1;

--
-- Dumping data for table `vehicle_type`
--

INSERT INTO `vehicle_type` (`vehicle_type_id`, `vehicle_type`, `vehicle_description`) VALUES
(0, 'Heavy Vehicle', 'bus,lorry'),
(1, 'Light Vehicle', 'car, lorry');

--
-- Constraints for dumped tables
--

--
-- Constraints for table `ticket`
--
ALTER TABLE `ticket`
  ADD CONSTRAINT `ticket_ibfk_1` FOREIGN KEY (`vehicle_type_id`) REFERENCES `vehicle_type` (`vehicle_type_id`),
  ADD CONSTRAINT `ticket_ibfk_2` FOREIGN KEY (`from_toll_plaza_id`) REFERENCES `toll_plaza` (`toll_plaza_id`),
  ADD CONSTRAINT `ticket_ibfk_3` FOREIGN KEY (`to_toll_plaza_id`) REFERENCES `toll_plaza` (`toll_plaza_id`),
  ADD CONSTRAINT `ticket_ibfk_4` FOREIGN KEY (`pass_type`) REFERENCES `pass_type` (`pass_id`);

--
-- Constraints for table `tollbooth`
--
ALTER TABLE `tollbooth`
  ADD CONSTRAINT `tollbooth_ibfk_2` FOREIGN KEY (`toll_plaza_id`) REFERENCES `toll_plaza` (`toll_plaza_id`) ON DELETE CASCADE ON UPDATE CASCADE,
  ADD CONSTRAINT `tollbooth_ibfk_1` FOREIGN KEY (`user_id`) REFERENCES `user_detail` (`user_id`) ON DELETE CASCADE ON UPDATE CASCADE;

--
-- Constraints for table `toll_charge`
--
ALTER TABLE `toll_charge`
  ADD CONSTRAINT `toll_charge_ibfk_1` FOREIGN KEY (`to_toll_plaza_id`) REFERENCES `toll_plaza` (`toll_plaza_id`),
  ADD CONSTRAINT `toll_charge_ibfk_2` FOREIGN KEY (`vehicle_type_id`) REFERENCES `vehicle_type` (`vehicle_type_id`),
  ADD CONSTRAINT `toll_charge_ibfk_3` FOREIGN KEY (`from_toll_plaza_id`) REFERENCES `toll_plaza` (`toll_plaza_id`),
  ADD CONSTRAINT `toll_charge_ibfk_4` FOREIGN KEY (`pass_id`) REFERENCES `pass_type` (`pass_id`);

--
-- Constraints for table `vehicle_tracking`
--
ALTER TABLE `vehicle_tracking`
  ADD CONSTRAINT `vehicle_tracking_ibfk_1` FOREIGN KEY (`barcode`) REFERENCES `ticket` (`barcode`);

/*!40101 SET CHARACTER_SET_CLIENT=@OLD_CHARACTER_SET_CLIENT */;
/*!40101 SET CHARACTER_SET_RESULTS=@OLD_CHARACTER_SET_RESULTS */;
/*!40101 SET COLLATION_CONNECTION=@OLD_COLLATION_CONNECTION */;
